id;description;evaluation;intervention
1;generating Bicicleta;Visionary Checa;Toalhas middleware
2;Crossing navigate;lavanda content Madeira;system
3;Bedfordshire interface markets;Regional process quantify;fault-tolerant generate
4;project Luvas Computador;compelling grid-enabled;IB generate Ilhas
5;benchmark Bedfordshire Account;navigating;bypassing
6;Viaduct;e-business;invoice Tokelau
7;Managed models Cambridgeshire;Cadeira redundant digital;Buckinghamshire world-class
8;lavanda Impressionante Investor;payment;solid impactful
9;Electr√≥nica Peso;Queijo Data;Manager override Markets
10;cross-platform Granito;Director XML;Lead Verde
