id;toxicity_diagnosis;create_user;create_date;update_user;update_date
1;Planner deliver;Azerbaijan;2020-10-10T09:31:32;Administrator cutting-edge Sports;2020-10-10T18:16:34
2;Practical Wooden Ball;experiences;2020-10-09T21:11:04;generating invoice drive;2020-10-09T23:37:56
3;Sudan;Incredible Plastic Bacon;2020-10-10T08:57:59;end-to-end;2020-10-10T07:30:26
4;adapter users;mobile Licensed Granite Mouse;2020-10-10T12:08:26;program sky blue;2020-10-09T22:34:43
5;local open-source;Lebanon;2020-10-10T13:01:04;Berkshire;2020-10-10T11:43:29
6;Configuration Buckinghamshire Global;hacking;2020-10-10T08:07:05;Fantastic Frozen;2020-10-10T06:28:19
7;Rand Namibia Dollar transform;Illinois secured line;2020-10-10T12:52:31;PCI withdrawal;2020-10-10T01:45:04
8;support pixel;programming Niue;2020-10-09T23:12:23;Manat;2020-10-10T02:34:41
9;payment Steel;Berkshire Quality protocol;2020-10-10T04:36:05;Integration;2020-10-10T15:04:12
10;compressing e-tailers;Buckinghamshire;2020-10-10T10:35:29;throughput Kids;2020-10-09T22:10:58
